1.996251169,0.931077233,1
-1.298157109,-2.322357985,1
1.844962177,-1.774005487,1
-0.266268692,-1.735327618,1
-2.265353559,-0.367262574,1
-0.089113845,-1.810973134,1
-1.603322368,-1.983500956,1
-2.054007548,-1.846174646,1
1.726899216,1.417497251,1
1.786822248,2.201596215,1
-0.407349107,-2.362017124,1
-2.191943511,-2.031358095,1
1.039300275,-1.401267097,1
-1.174554406,-0.680153793,1
0.603230789,0.926011877,1
-1.022685858,0.360373372,1
-1.73619481,-2.246706655,1
-2.32181401,0.159412709,1
0.779669971,-1.511488308,1
-0.477544889,-0.13982545,1
-1.345805042,-2.453705415,1
-0.360364979,-0.534737732,1
2.29457814,-1.01102511,1
-0.728240911,-0.073901399,1
1.790330719,2.191375438,1
1.034198826,-2.087208061,1
-0.655889656,1.845641766,1
-0.099845138,-2.055288847,1
-1.822509822,-0.482764283,1
2.251486468,1.105374376,1
0.830967178,1.491057821,1
-1.153823376,0.229684769,1
-1.500574429,-1.172777562,1
-0.603058959,0.584175614,1
-0.260714216,1.819382692,1
-1.989476706,-1.515882586,1
-1.741138695,-2.316136335,1
-0.946699121,-0.513287667,1
-0.910497569,-2.22146283,1
0.753853928,-2.445589825,1
0.132641766,1.183186915,1
-1.011029934,2.372879981,1
2.154734414,1.577292204,1
0.48556978,-1.037254849,1
2.402568561,-2.301957794,1
-0.150894511,1.230659824,1
0.905303003,-1.234480621,1
-1.62262911,1.935284731,1
-0.267169087,-1.640018181,1
-0.534089671,-1.083416827,1
0.654395842,1.306517277,1
1.838671652,-1.55297402,1
-1.01407121,0.467685199,1
-0.934067334,-2.167435773,1
0.442325211,-2.345474996,1
1.85904117,1.500018358,1
-0.901212381,0.532941345,1
-0.754273383,-1.599972474,1
0.625815059,0.696095516,1
-2.251187269,0.38003266,1
0.753132966,-1.25595014,1
-2.138919404,2.198123302,1
1.477532915,1.062680835,1
1.373423307,1.702373434,1
-1.671964984,1.685087434,1
1.567252503,-0.195264821,1
0.867229444,1.243976252,1
2.314476341,-2.39833387,1
-1.879958954,0.623303218,1
1.656830025,-1.754306187,1
1.954716074,-1.786507189,1
2.243571374,0.061640599,1
0.800465728,1.090966236,1
-2.259664508,1.994069218,1
-2.247117257,1.020547618,1
-1.455894626,0.123170285,1
0.266268692,1.668804188,1
2.393542328,0.095083137,1
-1.214485521,0.461973771,1
-0.347338942,-1.674894623,1
-1.515327728,2.293524774,1
0.891846469,-2.361636358,1
0.768337519,2.420137597,1
2.265938181,-2.031043045,1
1.601624944,1.671670706,1
-0.685051318,1.605277163,1
-0.132808403,1.937791197,1
0.85231582,-1.535284826,1
-0.742252053,2.367676556,1
1.005809744,-1.331773139,1
0.491188407,0.41807134,1
0.362359891,-2.492728051,1
2.042989926,-0.167626386,1
0.03568903,-0.289588447,1
1.033792521,1.84964233,1
0.060289741,-1.135977647,1
2.254155846,0.258023364,1
2.393616873,0.214430938,1
2.055632853,1.679335949,1
1.44494449,2.009683322,1
0.572066353,1.360013066,1
1.629495087,1.006437808,1
1.859570582,1.155903951,1
-1.300419686,-1.211522829,1
1.099162639,2.126183789,1
-0.284109455,1.33817653,1
-0.356492366,-1.792500799,1
-0.7985202,0.30856401,1
1.55439307,-1.160361291,1
0.386122553,-0.53962449,1
1.579178807,-1.556527359,1
1.143789835,-2.131120445,1
0.099287398,2.474105145,1
1.612401325,-2.193381724,1
-2.46002643,-1.372254328,1
2.287997924,0.259157215,1
1.339597052,-1.480424214,1
-0.616279598,-1.772053108,1
2.293528893,-0.556867878,1
-0.621397652,0.81481629,1
2.44722004,1.724347132,1
1.546261557,-1.433259419,1
1.257209629,0.444356675,1
-1.334740384,2.162246541,1
1.578860622,1.914063976,1
2.079742257,0.658421339,1
2.03115901,-2.389203572,1
1.396375998,1.923446337,1
-1.176356805,-1.282899185,1
0.688726602,1.474502091,1
0.891803374,0.681574819,1
1.080483654,-0.097578352,1
1.62574733,-1.969823283,1
0.583854566,-1.716468582,1
0.384671621,-1.316940159,1
-0.880762019,1.412820063,1
1.795864064,-2.288315919,1
-1.333608651,0.564652093,1
-0.23309995,-2.377233375,1
0.497932326,-0.119095968,1
0.934571416,0.670525457,1
-1.477322632,-1.455881935,1
-1.635639761,-0.747912053,1
-2.49247085,0.793906415,1
-1.559235271,1.252787133,1
1.17981557,-0.236450361,1
0.450699646,2.357699686,1
1.854903804,0.172605651,1
-1.574627131,-1.357110772,1
-0.164992568,-0.197021279,1
2.480808138,-0.263523854,1
-1.837014117,-0.162347496,1
-0.400995639,-0.096721225,1
-0.4862313,-0.266322632,1
1.684678261,-0.382746413,1
-1.862077682,-0.934798581,1
-1.371209237,-1.077892153,1
1.725210107,0.45436041,1
0.133172436,-0.675197847,1
2.245107123,-1.106066954,1
-0.271155614,-1.197125952,1
2.114324515,-2.452585535,1
-1.638902705,-1.32986731,1
-1.111776357,1.491029702,1
-0.824727224,-1.797766512,1
0.642991102,-2.440152505,1
0.106672179,2.056470562,1
-0.631285122,1.924625206,1
-1.147721102,-0.257498733,1
2.021206891,1.101623454,1
-1.771359034,-0.856517002,1
-0.326029079,2.329839487,1
-1.741875362,0.64772641,1
-0.720528504,-1.822594173,1
0.247729848,0.631494751,1
1.717612459,0.520918637,1
-0.584552692,-1.294106266,1
-1.582103361,1.177158271,1
-1.351906066,-0.500573206,1
1.073200831,1.545589831,1
0.255599414,-2.048004427,1
-1.043960425,2.203370053,1
-1.886016227,-1.278530985,1
1.819739836,-1.12306102,1
-1.22553721,-1.480643566,1
2.181566071,-0.698329934,1
1.606396525,0.804759547,1
1.418393454,0.307482899,1
-2.244760134,-0.157890756,1
-1.186046785,2.261308195,1
1.764230731,0.967112017,1
-1.704275096,-0.391759463,1
2.30451342,-0.656988588,1
-0.607782184,1.54999616,1
2.293098328,-0.864243085,1
2.085003676,-2.321022991,1
-1.366584916,-2.015214949,1
1.754331448,-1.51451109,1
-1.777523515,1.486918269,1
1.054671667,-0.885237211,1
2.328391523,2.477637941,1
0.107162103,2.284880826,1
-1.114453278,-0.287296025,1
0.932928625,0.875220011,1
0.763402573,-0.905110633,1
0.117390869,0.892291508,1
-1.823839188,-1.873438092,1
-2.255950084,0.758243057,1
-0.750962668,-0.96304599,1
1.41454766,-2.397221333,1
-1.759837158,-2.342677459,1
0.977360096,-0.757702297,1
-1.281828269,2.230098751,1
-1.439774766,-0.532266562,1
-1.551437225,0.487312641,1
0.643939193,-1.256327986,1
1.278423043,0.126005586,1
0.680911742,-1.680506878,1
0.565510908,-1.067505518,1
0.078033543,-0.360609764,1
-2.399489996,-0.696393056,1
1.55009538,-0.182002084,1
-1.435784526,2.278361052,1
-2.330285845,-2.145928239,1
-2.479256533,2.499794094,1
-0.757430148,-1.281809204,1
0.426767176,1.306928471,1
0.893103874,1.676435761,1
2.424342029,1.114046742,1
0.845077448,-0.180327097,1
-1.79862868,2.060991203,1
-1.702335727,0.879537723,1
-0.121693266,0.833944051,1
1.777193258,-0.587347021,1
1.587660784,0.213184252,1
1.372725714,0.209468879,1
0.349932314,1.967731308,1
-0.330880915,0.170320883,1
0.647885886,2.1644154,1
1.964662564,2.308758997,1
-0.5039183,-2.206078207,1
-0.794180249,1.845965975,1
2.152063684,-1.085909349,1
0.047669772,1.021972629,1
-0.19651808,0.073194935,1
-2.13787268,0.924890738,1
-1.847387762,-1.949145848,1
2.398553916,2.201632782,1
1.914881388,0.890453096,1
-0.290164291,0.556583583,1
-1.757112149,1.964223219,1
0.26091947,-2.187536794,1
-1.23109741,-0.97993138,1
-2.060990042,-1.346639269,1
-2.072493583,1.010317698,1
1.473290296,0.835302088,1
2.140654793,0.457156914,1
1.680465427,0.138709943,1
2.183060379,-0.952698526,1
1.341244674,0.139161961,1
-0.188778665,-1.425880356,1
-1.100326783,-0.056135447,1
-0.494383514,-1.207558327,1
-1.375226279,-1.067694025,1
-1.683600735,-2.001877212,1
-0.92381087,-0.962254827,1
-0.162154037,-1.687652261,1
-0.936428297,1.090374361,1
-0.67133736,-1.65602565,1
-0.119977887,1.082097697,1
-0.948568832,1.805606307,1
1.607423128,1.480689583,1
0.690769455,0.493852114,1
-2.277715538,-1.797579191,1
1.958945583,-0.112102954,1
-1.863175909,-2.492944958,1
-0.476578329,-2.062960751,1
0.177174644,1.041193644,1
2.396317557,2.116596564,1
-1.08805703,1.964917062,1
-1.349084536,-0.758316287,1
-0.878750206,1.599841207,1
-1.639679619,-1.404487643,1
1.993380587,-1.42640129,1
-0.433216146,2.160723077,1
-1.861757395,-1.579155786,1
-0.226643163,0.982236462,1
-1.060645562,-1.9112828,1
-0.956613091,-2.493018163,1
0.502514929,-2.143789104,1
0.775057459,-0.270981861,1
-0.485510043,-0.935540848,1
-1.196629466,2.455822115,1
1.889790787,-2.271624042,1
1.968692222,-2.417564771,1
-0.460514824,0.186393097,1
-0.337945498,0.7476649,1
-1.391630305,-2.416491167,1
0.304395505,-1.769543878,1
-0.046271053,0.881853422,1
1.901623834,-0.730638113,1
-2.281099533,2.241843054,1
0.152586189,2.165793215,1
2.2028818,1.966564229,1
-0.359332205,-1.520236006,1
1.809055537,-2.162257786,1
0.008368488,-0.170164499,1
0.960871345,0.506496549,1
-0.710175994,0.474621232,1
0.191123601,1.615923781,1
0.508364644,-0.249840235,1
1.002877837,2.343070355,1
-0.736885786,-0.772751813,1
-2.202227598,-1.696118799,1
0.896111582,1.391818998,1
-1.054448268,1.149006263,1
-1.906447883,-2.119217024,1
-1.322949032,1.61236043,1
0.808966922,2.211154738,1
2.103612006,-1.907331688,1
0.837361243,-0.031919256,1
-0.433238788,1.838803496,1
1.338968844,-1.8061982,1
-0.690676832,-2.148045325,1
-0.284057702,-2.302807524,1
0.431709265,1.926577443,1
-0.521985143,1.430997945,1
-0.698273372,-0.030724002,1
1.539053541,-1.464540936,1
1.775948459,0.932231568,1
0.240650095,-1.342404865,1
-1.813475852,0.240374719,1
0.149851755,1.442630566,1
2.259035217,-0.444715664,1
-0.865171911,-1.040698812,1
-1.231570096,-1.883514978,1
0.064791989,0.762940689,1
-1.817990032,-1.73075336,1
-0.873731378,-1.090905052,1
-2.442757888,-0.942054656,1
-1.690923575,1.092527628,1
-2.129026498,-1.153647371,1
-0.178853482,1.786885039,1
0.912142702,-1.653789195,1
-2.377292442,1.566178308,1
2.077538804,2.491539527,1
2.017737778,-0.848773186,1
-1.330763869,2.093614178,1
0.285353111,-1.47628671,1
2.172042871,0.72880788,1
0.48705293,0.26184514,1
1.829910663,-1.235199935,1
0.368610406,-1.107492334,1
1.905991094,2.335362571,1
1.255405321,-1.476125431,1
1.821250583,1.569662361,1
0.027473572,-0.67318238,1
-0.911639686,-0.903086203,1
1.649904395,2.249157233,1
-0.266768391,0.900962943,1
0.777507978,-0.890072722,1
-0.681057345,1.38231544,1
1.2551377,0.037370061,1
0.645435631,-0.618210167,1
1.367029154,-1.960249866,1
-2.133151145,1.602759475,1
-2.182652493,1.094134186,1
-0.869323218,-1.446495284,1
-2.393924639,0.419964373,1
1.157523787,-2.353228876,1
-1.239985901,0.393633612,1
0.456119102,-1.655936621,1
2.30554726,0.427532505,1
-0.781053689,2.071758146,1
-0.490789132,-1.537022728,1
-0.852655848,-0.612313359,1
2.10142551,-0.135879878,1
-0.20014183,1.074945972,1
1.173044351,-1.645314824,1
-0.569854008,-0.438930025,1
1.792374614,1.980057317,1
-1.52473778,0.854023783,1
0.736523245,2.022834507,1
1.996579802,-1.42302686,1
-2.117750778,-1.921689494,1
-1.321727016,0.636698106,1
-2.188261197,1.432844732,1
-0.35317837,0.524710979,1
2.337042189,1.210721879,1
-1.406226956,-0.011673631,1
0.648900493,-1.683487484,1
-1.649546082,-0.772971229,1
1.270953589,0.393008524,1
-0.914396023,2.221523081,1
1.677054674,1.873866536,1
0.3546733,1.370923279,1
0.172393587,1.480499574,1
-0.235655935,1.207150313,1
-1.498463705,0.192750302,1
-0.656019802,-0.937964916,1
-1.639213065,-0.202410675,1
-1.315229286,-1.755405155,1
0.762023755,0.980105976,1
2.037774568,-2.478751721,1
-1.295000905,-1.702360264,1
-0.385966866,-0.864206736,1
1.671822485,1.84238182,1
-0.367235944,-1.453531187,1
1.277517117,-1.66546871,1
0.879003024,-0.141960792,1
1.529705957,-2.490268567,1
0.19660774,1.990899344,1
1.435487876,1.214198199,1
2.117530362,2.022774229,1
-1.428705629,-0.749500644,1
-1.507099464,-0.608883449,1
1.377619095,-1.86995777,1
-0.067584867,-0.400743613,1
2.302307914,-1.392910414,1
1.131864395,-1.706208148,1
1.648325481,0.257769506,1
0.183372004,-2.342183536,1
1.015583701,1.514744626,1
0.473550534,2.423950991,1
1.912938169,2.372113292,1
0.01180717,2.338863462,1
-2.203999274,-1.793237235,1
1.758503692,-1.317040892,1
-1.091429911,-0.139827939,1
-0.32038876,-0.83434675,1
2.015693826,0.447983465,1
-1.64167958,1.584807551,1
-1.901985365,1.148287691,1
-1.482513918,-2.163999594,1
-1.347718294,0.671389534,1
0.252508046,-0.24514812,1
1.884351797,-2.008459315,1
0.580448394,-1.593655731,1
0.813650225,2.308379078,1
1.676617263,-2.481098208,1
0.01015323,-0.19234197,1
2.019396192,-2.105112884,1
2.115190765,1.5525559,1
2.406001505,-2.077824636,1
-0.714904644,-1.856785906,1
-1.976981998,1.331561527,1
-0.481867078,1.459764959,1
1.866879113,-2.321071939,1
-0.336695558,-0.173396314,1
-0.016516959,-0.714280695,1
2.036031468,2.1445371,1
-2.477759649,1.337018471,1
-0.180058909,-1.344744457,1
-1.157236687,-1.732840552,1
0.570913258,-2.187626438,1
0.71673269,-1.657687848,1
-1.063083337,1.631658311,1
-0.986611527,2.147783465,1
0.175200617,-0.884939915,1
-0.432980917,2.263097318,1
0.990271957,1.557887102,1
2.321829674,1.463830855,1
0.026379537,-1.659439476,1
0.397879831,-0.762298571,1
2.350346723,0.092212127,1
0.549937498,1.945486781,1
0.521566411,0.263319988,1
-1.208079454,1.234315476,1
-1.030505466,1.661470779,1
-2.250064787,-0.349792886,1
-1.238860477,1.335722106,1
2.263455697,-1.391098196,1
1.244523127,0.787023287,1
2.04696783,-1.474055387,1
-0.879726838,-2.10680103,1
-0.4741489,-1.065448316,1
-1.753208264,-1.867242526,1
0.036315067,-0.373669816,1
-0.80664342,0.967841933,1
-2.352755884,0.820169993,1
0.049620387,0.611514507,1
0.268667901,-1.682227111,1
0.497392325,1.245721808,1
-1.367809037,0.120067017,1
1.029422101,-2.462357684,1
1.539161543,-2.244693839,1
2.157286637,-1.66306082,1
-1.318279266,-1.615248704,1
2.448402278,-1.240109627,1
1.674674273,1.2764082,1
-2.022278757,-2.210714936,1
-2.419790868,-2.446061449,1
2.030200267,1.096535578,1
0.792202323,2.073897262,1
1.102951803,0.150487638,1
-0.258292248,1.710357448,1
0.074288532,0.55316977,1
0.141791869,1.648068164,1
-1.805171461,-2.418983561,1
-0.944801723,-0.967937964,1
0.380719847,0.851367488,1
-1.136902004,2.171762322,1
-0.570239314,-1.926591483,1
1.658929306,-0.615934101,1
-0.830606924,2.239026286,1
0.580627367,-1.604309053,1
-2.248273183,-1.35327454,1
0.106010552,-0.964302072,1
2.273305661,-0.121716113,1
1.194771025,1.282427051,1
-1.857727847,-2.414348803,1
-0.497064979,-1.597935311,1
-1.578979114,-2.488396633,1
-0.272571051,-2.231542144,1
1.778066116,0.498408295,1
1.21836815,2.274053443,1
1.9977532,0.217043358,1
0.586520519,0.858561694,1
-0.386031347,0.383583751,1
1.955055684,-0.883685233,1
-0.049666514,1.784281491,1
2.35593085,1.188841784,1
-1.305665449,-2.169357903,1
-0.903705124,0.022931605,1
2.201475444,-0.283541884,1
1.295067603,1.172826157,1
-2.222096204,-1.204067441,1
-1.092532475,-2.106598961,1
-2.048505586,1.826059141,1
-1.559022801,2.30377332,1
0.488211109,-1.510764925,1
-2.196109111,1.791562956,1
-0.697269997,0.757743371,1
-0.171300881,2.243396419,1
0.003228379,-1.91297494,1
0.857911308,-1.34329052,1
-1.713650759,-2.27176696,1
2.267367758,-2.107981557,1
-0.475844181,1.964603433,1
-1.278130497,-0.616395079,1
0.369970012,-1.212577065,1
-1.921092125,0.763363735,1
2.117279842,1.035003082,1
1.838643317,1.779057169,1
-0.828434229,1.068454374,1
2.158675289,-0.014525349,1
-0.912171522,-1.536220129,1
0.057593252,2.128361814,1
0.631475976,0.469807902,1
1.341162012,-1.258636532,1
1.239402372,-0.310931076,1
2.400060098,1.643994327,1
0.724822123,-1.067831974,1
1.57513088,-1.036361913,1
0.92026482,-1.977935239,1
1.864956794,1.23330438,1
1.788995454,-0.738235171,1
-0.347945349,0.82119525,1
0.801190498,-0.824788812,1
-1.932366991,-0.893702194,1
-0.287630987,2.422243126,1
-0.589310797,1.006758382,1
-0.154698152,0.877127652,1
2.036209759,0.894313572,1
-0.084857959,0.144773899,1
1.079546316,0.843446785,1
0.430288263,-0.652695474,1
-0.701618925,1.68453663,1
2.301677129,-0.546920886,1
-0.900570321,-0.880222617,1
-0.91660459,-2.259430275,1
-1.611983436,1.350737761,1
0.603328014,-2.290564279,1
0.994390947,-1.160145077,1
0.979392393,1.63359475,1
1.965582382,1.75606417,1
0.257253325,-1.263378905,1
-1.958398089,-2.383280951,1
-1.358946857,0.809359342,1
2.335644242,1.976160958,1
-1.630924219,-2.035458579,1
-2.219658093,-0.276507688,1
-0.664142644,1.666492394,1
1.894728072,-2.446647529,1
0.492129383,-0.87672015,1
1.141152514,0.688474931,1
0.109996035,-0.534733829,1
-1.986898149,-0.112102282,1
-0.093291658,-0.229703058,1
-0.318374973,0.025998601,1
0.30157422,-2.176196806,1
2.128293327,-1.187035839,1
2.242763427,-0.664591169,1
2.358402639,1.865425889,1
0.428655165,0.408441875,1
2.132283733,1.999216745,1
0.507157035,-1.882501381,1
-2.10387781,0.290559595,1
0.111101006,-2.140950491,1
-1.55862733,-0.182510415,1
0.52607442,-1.072153781,1
0.883870232,0.126659089,1
-0.251401804,1.062868638,1
1.79517454,-2.376584256,1
-0.34117641,-1.894755724,1
1.906096351,0.688296761,1
-0.002452381,-1.46638638,1
0.349225652,0.28426967,1
-2.45778572,-0.67391937,1
-0.073181394,1.465995522,1
-0.883300502,-1.035811893,1
-0.852320899,-0.443829507,1
-2.291556682,0.565896804,1
-1.831213615,-1.876254869,1
-2.438508743,-1.451527941,1
2.424987085,-1.787593165,1
0.454104211,1.092525822,1
0.63105254,-0.826868897,1
-1.919250184,0.127710187,1
1.455961132,1.48664757,1
0.533890982,0.580386114,1
2.212390039,-2.071221955,1
0.112946424,-1.564618617,1
0.495452396,0.093715106,1
0.818077424,-1.365401396,1
2.204040617,-1.80546352,1
-1.388735511,0.889088023,1
-2.112661816,-1.760876587,1
0.851585505,-2.063091765,1
-2.318668295,2.213661849,1
2.47841338,2.370504661,1
-1.728118379,-2.085509127,1
1.986852328,0.852362914,1
0.514407872,-1.526363225,1
-2.20090464,-0.328928262,1
0.859527359,-2.491644418,1
-2.392429909,1.461264135,1
0.168298864,-1.142682127,1
2.407109433,1.440603406,1
2.366778987,0.67452155,1
0.745712992,1.252533886,1
-1.264217187,-2.451223995,1
-1.567115091,-0.379733776,1
0.155615975,-0.02912877,1
-2.233231231,-1.042489094,1
-1.668739495,1.496126326,1
2.333104282,0.974573216,1
0.795381645,-0.710363414,1
1.081435802,-1.530491053,1
1.658841398,-1.159737041,1
-0.776590095,0.047550308,1
2.116305915,-2.34705032,1
-1.636000991,1.492579367,1
0.513836652,-0.82854406,1
-1.210219033,-0.074834818,1
-2.462368619,-0.6909697,1
1.674419477,-1.730959532,1
0.316175034,-1.254978374,1
1.680399209,1.009902414,1
-1.904965801,-0.902732574,1
-2.012042705,0.287989532,1
-0.689857454,0.189631192,1
-0.642109902,1.576560095,1
2.197402292,0.718409414,1
2.397785779,-0.440065031,1
1.822161006,-1.446879352,1
-2.417756241,-2.314876834,1
2.419570127,-1.623164852,1
-0.174541373,-2.286503421,1
0.1670631,1.871978557,1
-1.657897378,-2.270383002,1
1.900427676,-2.451420903,1
-0.526106045,-2.437770987,1
0.290964199,-1.306876868,1
0.091190738,1.826923311,1
1.79138282,-2.231236145,1
0.537914244,1.200973452,1
0.642680536,1.256086643,1
-0.17230618,-0.646266837,1
-1.761202606,-0.444746696,1
-0.529511094,2.39769611,1
-0.566965572,1.986988866,1
2.480299567,-1.64888056,1
1.658710953,-1.970822416,1
1.756470905,1.448396723,1
-1.355102975,-0.261762574,1
-0.572508322,-1.553885051,1
2.235429374,1.826137484,1
-0.938161787,1.570001842,1
0.324329594,-2.127189,1
-0.321143567,2.262550585,1
1.657807292,2.481323993,1
-0.064479037,0.513102825,1
2.29527173,0.521568685,1
-0.523746608,0.698355443,1
0.860197553,-1.087068906,1
1.030829403,-0.506753702,1
-0.243125042,1.814731213,1
-1.188315716,-0.162938276,1
-1.667311743,-1.04726905,1
-2.325262432,1.094175842,1
-2.46854087,-0.608899672,1
2.456326982,0.257088166,1
-1.974193659,2.030889992,1
1.548041782,-2.415773035,1
-1.920700226,-1.242526882,1
-1.89555274,1.600700391,1
-2.424277533,-2.470530111,1
0.229781223,1.007518925,1
-2.440747364,-0.815658967,1
-0.933375343,-0.653664632,1
-0.571693524,1.118848346,1
1.989826237,-0.86661425,1
-1.193221402,-0.948095088,1
-2.157707501,2.278790851,1
-1.818115511,2.329822769,1
-1.595716095,-0.771604534,1
-1.79015758,2.179850314,1
-1.669378368,1.25934296,1
0.061140257,-1.219024888,1
0.17453976,1.827151242,1
-2.436725385,0.928911615,1
-2.046924936,-1.463522618,1
2.033491915,0.502739949,1
1.237151293,-0.257153842,1
1.248815721,0.609994638,1
-0.728641162,0.353672958,1
0.031227576,0.813146583,1
-0.404142124,1.638909213,1
1.559521233,0.845120029,1
-1.168553828,0.423324796,1
2.432563468,2.230256315,1
-0.662220988,-2.063068618,1
-0.866299004,0.724473657,1
-1.616151663,2.321014795,1
-2.391301836,2.459132605,1
1.83566874,-0.914385112,1
1.535829001,-0.200475986,1
-0.173650567,-0.911552981,1
1.371118242,1.854597317,1
0.257214565,-1.927161032,1
-1.112769852,-0.502630627,1
-0.041892424,0.665448988,1
-0.487400654,0.860803365,1
0.470380128,2.003937668,1
-1.651366495,2.174536006,1
2.445154701,0.585708462,1
0.49988486,-0.734487802,1
0.929260157,-0.993660444,1
-1.420677859,-0.507559278,1
-2.300842748,1.231073288,1
-1.886098364,2.282850876,1
-1.003732069,-1.272157515,1
-0.158052697,1.599245199,1
-2.230440082,1.853101234,1
-0.477676147,0.373037793,1
0.309324441,1.743795559,1
-0.553731438,-1.252253346,1
1.198641754,-2.300884061,1
-0.158728122,-1.642401118,1
-1.295871033,1.094387995,1
1.890661016,-0.284155533,1
0.505020771,-0.215800934,1
1.615490293,-0.909845752,1
-0.677614584,1.829052194,1
-1.695065283,2.114335426,1
1.854102145,0.908617973,1
-0.61263817,-1.945668881,1
-1.084597275,-2.260952725,1
2.369179318,1.832887485,1
1.434119879,2.125475034,1
1.097016412,-1.935518177,1
1.983395666,-0.92444871,1
-0.849111766,2.132786644,1
1.841187933,-1.963583537,1
-0.745860248,-0.074822335,1
1.017348961,0.157925884,1
0.082384629,-0.942066479,1
0.662562299,-1.491689956,1
-0.200968687,1.22469813,1
-2.019286702,-2.300774594,1
0.87463077,-1.512589626,1
1.663157446,1.087241314,1
0.290147489,-0.276575207,1
-1.806970681,0.879307894,1
-1.475645491,-0.245914556,1
-1.413731821,-0.415903435,1
-2.237116393,0.87084461,1
0.602375914,-0.050561439,1
2.221824305,2.495040806,1
1.469932807,-0.105691904,1
0.331928661,0.88349557,1
-0.293684736,-0.595617991,1
-1.799332705,0.367621828,1
0.33495943,1.36835502,1
-1.594445406,-2.467952228,1
0.348701456,0.919837832,1
-1.364657257,1.445377188,1
0.620712549,-1.740977835,1
0.645410341,2.239921225,1
-1.033869336,-1.016804688,1
-2.009605283,-0.466197621,1
0.143541351,1.303761646,1
-2.106119811,-0.612008057,1
2.14298663,-2.486116742,1
1.109712488,1.639071656,1
-2.090896003,1.822185044,1
0.394923851,-2.241648859,1
0.25472586,-1.699378145,1
1.389232649,-1.300799451,1
-2.28350749,1.585099992,1
-0.384370157,1.468102619,1
-1.450510401,2.372285295,1
1.793067198,2.473856802,1
-1.064147023,-0.114347687,1
-1.590492398,0.287093758,1
0.027282588,-0.025884402,1
1.035992423,1.487396959,1
0.093613593,-1.227656916,1
1.628532336,-1.029579501,1
1.703838035,-1.602359032,1
0.942336859,0.904654083,1
2.251226786,0.410633426,1
-0.394848509,1.565887941,1
1.906193596,0.183435411,1
-1.175925677,2.381906669,1
-0.266493722,2.194443678,1
-1.450319344,-0.310261943,1
1.205378884,-2.157974426,1
-2.063459005,-1.882763199,1
1.996821728,1.040837613,1
-1.56957282,1.099276985,1
1.042661182,0.055006304,1
1.577495663,-0.85694972,1
0.428830974,-1.080178359,1
-0.687653651,-0.053626141,1
0.224556186,0.048888954,1
1.854464609,0.980568776,1
0.199846642,1.64561532,1
-2.141374376,-2.109531419,1
-2.411286822,2.285685303,1
1.55920824,-1.374965864,1
2.382293248,-0.649506074,1
-1.077657927,1.289311684,1
0.270692288,-2.454394632,1
-2.242674563,1.070662503,1
2.251203951,0.446479358,1
-1.35130619,-1.959359801,1
-0.311835729,0.024379067,1
-2.168614759,-0.680404088,1
-1.669392157,1.056410297,1
0.629425982,-1.774748489,1
1.724142421,0.40354407,1
2.458061379,1.460657853,1
2.393937583,-1.471861404,1
0.881393871,1.889611764,1
0.47821596,-1.8727213,1
-2.446945375,0.808211092,1
1.824253427,1.590943646,1
0.489421947,0.138184339,1
-2.408961668,0.567260224,1
-1.745413219,-1.757051828,1
1.802607836,-0.268076903,1
-0.255721171,1.152981707,1
-0.349153873,0.595998715,1
0.512548425,-1.095350163,1
1.362690342,0.882011629,1
1.851071825,-0.690686135,1
0.667768792,-1.361552506,1
0.760490376,0.885781065,1
0.574089808,-0.85668321,1
-1.13386979,-0.33024994,1
-1.084183222,-1.84016816,1
-1.575751117,1.14789735,1
-0.190080309,0.161917878,1
0.861998883,-1.130671227,1
0.231339009,-0.34922327,1
0.687468425,-1.153414233,1
-2.241076889,-0.670428677,1
-1.448802264,2.261712299,1
-2.10323041,-2.048618901,1
1.247222444,1.866994163,1
-0.675425432,-2.183014297,1
0.184572727,-2.463215297,1
-2.100708664,2.084595091,1
0.414337112,0.215347176,1
0.040563707,-2.42740947,1
-1.791047164,0.014750261,1
-1.693117637,-0.891461713,1
1.452650654,-1.296840236,1
0.238728019,1.435127216,1
-0.455905994,0.210672861,1
-2.286963474,-1.56081999,1
0.284818829,-0.399444431,1
0.636715162,-2.412948492,1
-2.063697873,-1.488930386,1
1.086179938,-0.691245666,1
-2.024148494,-0.702718638,1
2.142237239,-0.204331391,1
1.636764162,-0.990546733,1
2.222745537,-0.394018744,1
1.764463119,2.150915629,1
-1.191737153,-0.561923934,1
1.04842152,-0.317865347,1
-0.001957739,-2.348097875,1
1.6736057,1.446553013,1
2.304496042,-1.02175014,1
1.883672443,0.587808758,1
0.260544849,-1.845312148,1
1.155490545,-1.536611154,1
2.173346148,1.564720563,1
2.275359112,1.251104701,1
-2.320093699,1.042584225,1
-1.510239289,2.311258041,1
0.559301457,-2.104693793,1
0.071371326,2.36870976,1
-0.892551478,-0.817116788,1
1.068742609,2.121652808,1
-2.4506982,-2.067895607,1
1.592360914,-2.47668412,1
-2.466404036,1.45528706,1
1.375576973,-1.255645388,1
-1.132778532,-0.560651582,1
1.820573692,0.425759365,1
-2.226513531,1.694787562,1
1.159380557,-1.875013541,1
-0.647533276,1.02192524,1
-1.150297384,-1.948343209,1
0.426812177,-0.591633985,1
0.106053108,-0.148776934,1
-0.924518409,-1.628470359,1
0.433147348,1.809885101,1
-0.661481612,-2.498920403,1
0.682001299,0.828837762,1
-2.315166626,2.459749234,1
-1.047423723,-1.767240524,1
2.047437513,2.073152306,1
1.392680143,-0.30601099,1
-0.028537349,2.418032386,1
-0.588079032,-1.58238523,1
0.907482864,-1.117957393,1
-2.06091657,0.800154335,1
-1.55675009,-0.896494119,1
0.047216166,1.390144946,1
-2.216861189,-2.249208434,1
1.24950296,1.096915796,1
0.14308049,0.932633988,1
-1.34602308,-0.576703258,1
2.335647391,-1.485384376,1
-1.380457657,1.654461095,1
-2.052815759,-2.29183102,1
0.172908507,2.173311554,1
1.475459149,-0.86788899,1
1.289409292,0.914107,1
0.420466978,1.227014602,1
-0.870163521,0.117784623,1
-0.114002824,-0.916309567,1
1.099384698,2.461943745,1
2.043258781,-2.126554181,1
0.325843062,1.7684329,1
-0.391276681,-1.810406371,1
0.323592419,-0.828999558,1
-1.912732399,0.775238315,1
-0.35481865,1.411550573,1
-0.701533239,1.663224863,1
-0.990628864,1.746627573,1
1.630569932,2.086010249,1
-1.938445536,0.755868469,1
2.059997485,-2.251883457,1
-0.40357014,0.559859772,1
-1.733587042,-1.330115043,1
-2.476772173,-2.486468646,1
-0.376639158,-1.200113861,1
-1.610200778,1.367905154,1
-0.766541008,-1.806131352,1
-0.050693111,-1.27572831,1
0.680839676,-2.150585632,1
1.315742726,-1.88975404,1
1.401460857,1.881092849,1
2.310786233,-1.184800822,1
-0.869631929,-1.011145528,1
0.183629264,-0.700007536,1
-0.850861807,-0.571655172,1
-1.451039568,-1.284213519,1
-1.518860699,-1.783949735,1
0.242275416,2.495518323,1
2.087410417,-0.272857989,1
1.942768004,-2.168898088,1
-0.158346374,1.796727849,1
0.284840138,-1.784932676,1
2.320951277,0.845254327,1
0.188182799,0.991312939,1
-0.124004225,1.804107291,1
-0.002179384,0.747716737,1
0.790996552,0.268152131,1
-1.058387261,-1.019255029,1
-0.531943461,0.287309426,1
1.98151978,1.879418692,1
0.798096784,0.411855548,1
2.451843679,2.184902812,1
3.373852709,3.021464107,2
3.239625027,5.906891799,2
4.651890315,5.08787153,2
3.823109118,5.198980624,2
4.122362838,4.134230122,2
4.779425396,3.973419477,2
4.866991751,3.35770028,2
4.16611021,5.72680266,2
3.136841483,3.932410726,2
5.146196165,4.599202705,2
4.142786085,5.406034026,2
3.182662733,4.660002643,2
4.83709622,4.358826174,2
4.850283953,4.026284293,2
4.226768302,3.582233751,2
5.507994404,5.539436662,2
4.114014136,5.59483693,2
3.940924292,5.296885018,2
3.300104004,3.13526914,2
3.490576413,5.086416384,2
4.584909581,5.397872246,2
4.942826062,5.885457451,2
5.103254438,4.728117936,2
4.019616244,4.659915568,2
5.617590178,3.175520047,2
4.684932428,3.651638087,2
4.923670737,4.796225203,2
3.776909857,3.460649698,2
5.394461038,5.206550656,2
5.744310248,3.467902892,2
5.458327801,5.220433654,2
4.659006088,5.342463052,2
3.793308024,4.181345074,2
4.893683493,5.875021613,2
3.925922615,3.142141874,2
3.768207449,3.868468101,2
4.180867842,3.82675198,2
4.573402703,3.672302622,2
3.366300823,5.885613427,2
4.013428624,5.818913932,2
3.116432953,3.846974344,2
5.498556488,4.26816942,2
5.22878243,4.978951379,2
5.851879781,4.838082636,2
3.057334574,3.657218377,2
3.90561106,5.489453757,2
3.479443865,5.305544126,2
5.487177963,3.311394615,2
5.070910168,3.780664493,2
4.585223696,5.708331061,2
3.683419715,3.295952052,2
5.068346924,4.551610434,2
3.994674643,4.963539875,2
4.472296067,5.981198965,2
4.178984482,4.986929243,2
4.876191885,3.156497255,2
5.024204662,5.734553973,2
3.513975725,3.77839136,2
3.818560191,5.176567439,2
5.679964852,5.414243313,2
5.089130476,3.440213198,2
3.840821627,4.256128506,2
4.018912477,3.922845771,2
3.656812282,5.850710534,2
3.930429794,4.662134712,2
3.293356586,3.939452409,2
3.591889942,5.189641373,2
5.930530541,4.300876743,2
3.543348739,5.854122746,2
4.653106921,3.898837533,2
5.815491645,4.96943733,2
3.16889389,4.782387853,2
4.178659874,4.073656004,2
4.015451478,5.797638948,2
4.390952536,3.261452728,2
5.004871874,5.702533887,2
4.64108252,3.306094967,2
4.844090172,3.988226012,2
3.879676541,3.314845511,2
5.7314043,5.026519346,2
4.052276971,4.270798803,2
3.380131554,5.074823924,2
5.428642494,5.374396167,2
3.163419395,4.073979475,2
3.234984251,4.132563764,2
5.013911353,4.962807539,2
3.096386118,3.232996634,2
4.203235679,4.084479925,2
5.987584172,3.98418578,2
4.793254939,4.512834642,2
4.684521741,3.231104837,2
5.050588303,3.989029787,2
4.043334523,5.767136619,2
4.089240469,5.70628047,2
4.549496423,3.143391373,2
5.18038425,5.878438245,2
3.752692875,4.955806303,2
4.565703761,3.71562243,2
3.606824861,4.62966522,2
4.842780197,3.806371693,2
4.296757343,5.971317939,2
3.871120896,5.341931149,2
5.881107458,4.572894854,2
3.456577665,3.720226633,2
5.403161585,3.59778091,2
4.383140533,4.000544516,2
5.15134373,5.698837046,2
5.77852418,5.518328975,2
3.952459414,3.010632155,2
4.289684024,3.561631914,2
3.869420752,4.136221152,2
3.824618024,4.319715583,2
4.283850977,5.129507396,2
4.458809229,3.757952643,2
3.911426237,4.037821638,2
3.657246126,3.866560055,2
3.198699117,5.907280487,2
5.417978247,4.012660419,2
3.397779945,4.305242875,2
4.098159713,5.254082632,2
4.36970784,5.501350086,2
5.75756634,3.535461615,2
5.090707077,3.579398813,2
3.743072119,3.694656074,2
5.91312236,4.929047199,2
3.060944174,3.902430357,2
5.188723582,4.277748397,2
4.046169176,4.162283424,2
3.569281661,3.651663025,2
3.314374848,4.253783646,2
3.810797262,4.080426663,2
5.330049849,4.572376316,2
4.019108222,5.202923868,2
5.297157703,4.093783476,2
5.049125016,5.795632933,2
3.246783585,4.341354341,2
4.619302582,4.843126977,2
5.927871593,5.953596247,2
4.847609579,5.089749742,2
4.959234837,4.7439151,2
3.312042807,4.914914788,2
3.544326218,5.483037058,2
5.238257472,4.192717123,2
5.508983703,3.707874176,2
3.6041704,3.057485531,2
4.20279849,4.688220394,2
4.821769559,4.328986718,2
4.715088716,4.555927674,2
3.339287814,3.913648568,2
4.617461644,3.823469239,2
3.103815072,4.632603765,2
5.275779608,4.732694624,2
3.817643786,3.073572011,2
4.082805127,5.847450985,2
3.3108088,5.582622729,2
5.908933201,4.545645968,2
5.011466813,5.365036283,2
3.394475167,4.771116096,2
3.096018734,4.243459909,2
4.296830512,5.96444208,2
4.632560113,4.612163228,2
5.629420567,5.056822137,2
5.666273263,5.489808853,2
5.797817162,4.444013239,2
4.025075593,4.407263604,2
3.831631176,3.741768416,2
4.468777561,4.258964827,2
4.164708118,5.307410262,2
4.877102225,5.626172312,2
4.0243472,5.75765871,2
5.436325907,5.204349075,2
4.44184884,4.143353911,2
4.457768635,3.630475875,2
5.6918184,5.145858901,2
5.292685929,5.876129787,2
3.764452203,5.018536201,2
4.058865556,4.102566182,2
3.826291744,5.611382289,2
3.966994698,4.070809464,2
5.27780607,3.839881638,2
5.91777553,4.687946339,2
3.398751728,4.009926523,2
5.856143253,5.210534683,2
5.086583729,4.813593079,2
4.218310046,5.887583021,2
5.634160402,4.649792987,2
4.455007168,3.537468962,2
3.314387735,3.553724356,2
4.371067686,4.877429664,2
5.857992382,3.616722614,2
3.680386876,5.184801418,2
5.054664024,5.577490672,2
5.559206544,3.152210696,2
4.232401371,3.297894064,2
5.776137383,3.06489422,2
4.271244162,4.377388458,2
4.030068473,5.240750515,2
3.914329601,3.278265326,2
5.476534843,4.320954388,2
4.906026519,3.042730523,2
4.946726402,5.750592255,2
4.472680957,3.058736204,2
3.276318665,4.564753802,2
4.98622385,3.140091667,2
3.026019021,3.80231038,2
3.555016322,3.189243321,2
5.073844181,3.705864609,2
3.559982258,3.106456549,2
4.382666016,3.885133609,2
4.092513121,3.218346384,2
3.604380286,4.390861002,2
4.054847134,5.643401307,2
5.90032721,4.443007087,2
3.140206813,3.829506024,2
4.196756665,3.718330452,2
3.504996361,5.389904573,2
3.253745191,4.576762639,2
4.837390702,4.291502828,2
3.959666854,4.857510442,2
5.872136449,3.990399608,2
5.455727631,5.271892313,2
4.567438224,4.123442693,2
3.225015742,5.703187612,2
3.128534009,3.607177378,2
5.782316478,4.991163451,2
3.489508788,5.551711229,2
4.341726983,3.318988736,2
4.38011054,3.289311853,2
4.827033912,4.087955738,2
5.35674069,5.093819516,2
4.02170428,4.593311063,2
3.101056297,3.376122186,2
3.081229772,3.330396232,2
4.78702094,3.393828435,2
4.958302137,3.637863594,2
3.194132056,3.879335129,2
3.60513369,4.520323497,2
3.198796966,4.669383014,2
4.118043665,4.857952718,2
4.363011896,5.868757623,2
3.37231514,4.126830137,2
4.362004587,3.916086799,2
5.650126056,3.068946849,2
4.929182848,3.561012438,2
4.876232596,3.512390644,2
4.32208951,3.949139266,2
4.932137519,3.948945582,2
3.119954855,5.755164873,2
3.623666804,3.348214669,2
3.845379347,4.686730496,2
4.566619479,5.590702555,2
4.064683984,4.693330752,2
5.074403506,4.392204194,2
5.494411254,5.364756955,2
3.112157365,4.339472243,2
5.745472617,4.229325894,2
4.215713764,3.499716058,2
4.781682401,3.527620874,2
4.400027009,5.581366906,2
5.679420125,4.049878107,2
4.57513384,4.132864433,2
4.607689683,4.593244274,2
5.686878751,5.361315105,2
5.933097912,5.330777925,2
5.565010149,4.495663202,2
3.782147192,5.49144796,2
3.673012206,5.402609907,2
3.509120716,3.08201512,2
5.717579355,5.27929405,2
4.988544906,5.436272329,2
3.34615864,3.789679168,2
4.467834812,4.765806082,2
4.754636124,3.09726154,2
3.43845057,3.676361747,2
5.031651641,3.489906104,2
3.143585139,5.275865918,2
4.409080561,5.792127802,2
5.591878775,5.792322903,2
3.015877982,3.699544097,2
4.801592543,5.460168066,2
5.061627585,3.566947177,2
4.105967903,4.510830679,2
3.204357413,4.741507951,2
3.988867935,4.50490869,2
5.841864899,4.393045481,2
5.529428234,4.64840554,2
3.172635517,4.01249741,2
5.285421193,5.087257989,2
3.655919008,5.83540666,2
3.976446074,5.329372493,2
3.29039668,4.834603324,2
4.899776025,5.962189712,2
4.5707787,3.15576742,2
4.549161455,4.068021407,2
4.360235271,5.403771968,2
5.963955903,4.819927057,2
3.61299861,5.865300937,2
5.384803024,4.694454651,2
5.436024503,3.097942895,2
3.204359446,5.951052766,2
-5.595201494,3.797984146,3
-5.947252305,2.035920352,3
-7.374975885,2.78863163,3
-6.71947742,4.676741366,3
-5.887433534,3.407520873,3
-6.008376341,3.149052712,3
-7.60483643,3.928219063,3
-6.797212434,2.997195063,3
-5.972831434,2.242209658,3
-5.115904783,4.848855499,3
-7.202036344,4.681671248,3
-6.068035982,2.632326869,3
-6.80850699,4.51093671,3
-7.378985092,4.413391075,3
-7.884134933,4.604742115,3
-5.86596677,3.201599933,3
-5.417714658,4.870083718,3
-6.343855502,4.869938324,3
-7.064230164,2.90504091,3
-7.37362779,3.05841642,3
-5.882287347,2.420130874,3
-6.857392147,4.808809529,3
-6.95692073,4.09196541,3
-7.517797671,3.168200467,3
-5.79119157,2.961394823,3
-5.814923903,2.11832117,3
-6.558803617,2.619295596,3
-5.849781458,4.719076745,3
-7.66220684,3.317602685,3
-7.495476418,2.630452725,3
-7.218537082,4.158320658,3
-5.051145042,3.884209554,3
-5.684313927,3.18158914,3
-6.292388095,2.205587478,3
-6.834055806,3.687244583,3
-5.850494689,3.590466763,3
-6.68534131,2.907470249,3
-7.713150947,2.015039886,3
-6.972666654,4.311697567,3
-6.806630376,3.704516816,3
-6.192471883,3.051158448,3
-7.348046334,3.284472103,3
-5.912634317,3.207226935,3
-6.551358493,3.531908597,3
-6.492781045,2.470014259,3
-5.201522334,4.516922028,3
-6.78887807,3.82460196,3
-5.926771483,2.113112424,3
-5.761849786,3.850868123,3
-7.678686963,4.553275223,3
-6.836069017,2.616474111,3
-7.233146174,3.025242747,3
-5.269778776,4.319187353,3
-5.636853738,2.519998616,3
-7.849586027,2.305636138,3
-6.972095507,3.195515242,3
-6.251871912,3.283187926,3
-5.208695395,4.607581629,3
-7.418962668,3.023067337,3
-6.829231187,3.584041153,3
-6.172990681,3.961684976,3
-5.848112405,4.751572107,3
-5.297633995,2.123537841,3
-5.25995002,3.750853732,3
-7.156393538,3.131504426,3
-6.441960794,3.454477946,3
-7.418663526,3.172054383,3
-7.42021504,2.567400547,3
-5.03252009,3.916881783,3
-5.885898669,4.55270053,3
-7.818458665,4.590774259,3
-5.248075458,3.865892693,3
-7.091546028,3.343094212,3
-7.66189132,3.650538528,3
-5.383399134,3.857951271,3
-5.746221418,3.804685186,3
-7.838135763,4.922903749,3
-7.760966694,2.141867017,3
-6.209754071,3.650493525,3
-5.972579939,2.360158265,3
-7.241966502,3.838162414,3
-6.837448554,4.227411689,3
-5.832979277,4.880057919,3
-5.44253949,2.052687179,3
-6.322338277,4.785962006,3
-5.930948623,4.051946333,3
-7.102861153,2.947969851,3
-6.495089125,2.380816587,3
-7.755665753,3.346998403,3
-7.747032955,4.784664275,3
-5.720708033,4.663930509,3
-6.24088202,2.717471936,3
-7.868756067,2.458489916,3
-5.02503714,2.456882173,3
-7.482417047,3.677230013,3
-5.935697233,4.475647489,3
-7.258874815,4.026935239,3
-5.473190584,2.909392632,3
-5.941164819,3.782387299,3
-7.855168855,3.235067143,3
-7.503203229,3.053710756,3
-7.081908127,4.652417334,3
-6.298907652,2.796109844,3
-5.072001028,3.370463931,3
-7.880630264,3.320722367,3
-6.645553448,2.308138232,3
-6.423239182,2.615359116,3
-6.954250722,4.331245445,3
-6.107632267,3.111836243,3
-5.112685986,3.089392695,3
-6.187962488,3.192910935,3
-7.96442828,4.801272328,3
-7.950006947,2.624811205,3
-5.779679271,2.264029217,3
-7.38104079,2.276056883,3
-7.856634393,2.671248129,3
-6.167749232,4.967537772,3
-6.151452723,3.331208717,3
-6.615114457,3.554757498,3
-5.878037129,2.308014546,3
-5.846469565,4.927088967,3
-5.387550144,4.587643478,3
-6.308157092,3.454929327,3
-6.058090721,2.726193174,3
-7.230491652,3.888889863,3
-7.227600901,2.782851314,3
-6.625396007,4.897699269,3
-6.219402756,2.730486494,3
-6.793259713,2.607420035,3
-6.89129439,3.749274726,3
-6.551910969,2.079299906,3
-7.693132316,4.440117124,3
-5.039245655,3.633225312,3
-6.287693958,2.183629832,3
-6.663744513,2.5442863,3
-5.337887802,3.127809894,3
-6.650138887,3.098353659,3
-5.601789125,3.627869907,3
-5.952318194,2.27360271,3
-7.287467666,4.087718279,3
-5.531170338,3.912340223,3
-5.459027726,4.44784601,3
-6.253898144,3.460728397,3
-7.03669389,3.803064276,3
-7.152515191,4.520235315,3
-5.694989444,3.743528756,3
-7.82082604,2.745606361,3
-7.265029007,3.606298498,3
-7.796255572,4.745123974,3
-7.491342628,3.294170344,3
-6.799848774,3.123297242,3
-6.938835072,3.190989211,3
-6.021400279,3.918334487,3
-6.632963056,4.729847442,3
-6.715553677,4.229343213,3
-7.504800355,4.562079425,3
-6.533267814,4.976394266,3
-6.623442467,4.943237662,3
-5.101577475,3.956799158,3
-6.796531372,4.379843212,3
-7.889543105,4.371698362,3
-5.516890515,2.988290915,3
-7.259651837,2.791309014,3
-6.682226801,3.039957472,3
-7.816803789,4.561835453,3
-6.227405342,4.865818595,3
-7.932297244,2.108600901,3
-5.725351209,3.65835165,3
-5.535457259,2.470428576,3
-6.130885741,4.704023397,3
-7.366725344,2.271590344,3
-5.227411543,3.40865667,3
-6.113065934,2.861707798,3
-5.7465739,3.742156235,3
-5.376412157,2.752695186,3
-7.943931473,2.658470904,3
-5.531386055,2.860927914,3
-6.133126483,3.498678582,3
-7.079449351,4.546647541,3
-6.483187519,2.232372332,3
-6.362865927,2.355641615,3
-6.039457544,2.179737155,3
-6.60752777,3.259522763,3
-6.918260493,2.570524078,3
-6.761407473,3.155329559,3
-7.147158859,3.758706229,3
-7.167012064,4.067765499,3
-7.821249939,4.349862359,3
-5.914443386,3.132475571,3
-5.191592306,3.369617309,3
-6.273430625,3.379856261,3
-7.10608366,3.810436365,3
-5.503563192,4.55444994,3
-6.762659974,2.385406144,3
-6.445551344,3.488285621,3
-7.981574894,3.74166048,3
-6.715604467,2.789402175,3
-5.982313589,2.878301613,3
-5.43423985,2.938658646,3
-6.193828101,4.413230139,3
-7.2,-1,OUTLIER
-4,1,OUTLIER
-6.8,6,OUTLIER
-2.4,5.5,OUTLIER
0.5,4.5,OUTLIER
2,3,OUTLIER
3,0,OUTLIER
4,-1.8,OUTLIER
5.7,2,OUTLIER
